{"cameraMode":{"drawMode":0,"name":"Shaded","section":"Shading Mode"},"sceneLighting":true,"audioPlay":false,"sceneViewState":{"m_AlwaysRefresh":false,"showFog":true,"showSkybox":true,"showFlares":true,"showImageEffects":true,"showParticleSystems":true,"showVisualEffectGraphs":true,"m_FxEnabled":true},"in2DMode":false,"pivot":{"x":-14.406339645385743,"y":16.212644577026368,"z":-11.050265312194825},"rotation":{"x":-0.07697200775146485,"y":0.9123321175575256,"z":-0.2019178569316864,"w":-0.34778472781181338},"size":30.556297302246095,"orthographic":false}